n_evaluable,Recall@3,Recall@5,MAP@5,NDCG@5
443,0.8848758465011287,0.9503386004514672,0.7823551542513166,0.8246584112077373
